{"cameraMode":{"drawMode":0,"name":"Shaded","section":"Shading Mode"},"sceneLighting":true,"audioPlay":false,"sceneViewState":{"m_AlwaysRefresh":false,"showFog":false,"showSkybox":true,"showFlares":true,"showImageEffects":true,"showParticleSystems":true,"showVisualEffectGraphs":true,"m_FxEnabled":true},"in2DMode":false,"pivot":{"x":-14.818140029907227,"y":2.114025115966797,"z":0.35269832611083987},"rotation":{"x":-0.2105655074119568,"y":0.6739305257797241,"z":-0.20980790257453919,"w":-0.6763615012168884},"size":23.575069427490236,"orthographic":false}